{"train_f1": [0.6693386773547094, 0.6952329108017731, 0.7116788321167883, 0.7530232558139535, 0.8080065971961916, 0.8346780331861776, 0.8725730863646507, 0.9013479484520812, 0.9334009710848612, 0.9400286944045911, 0.9581797561667139, 0.9583720099964298, 0.9713440822361473, 0.972809667673716, 0.9860471605971814, 0.9895731961629362, 0.9829024186822353, 0.9868154865713289, 0.9872482753815066, 0.9707941446856657, 0.9880827932260088, 0.9908831512283388, 0.9945923460898503, 0.9959828231056933, 0.9936906330167095, 0.9945900957136913, 0.996052358196551, 0.9923896499238964, 0.9969604863221885, 0.9963983931292423, 0.9943894160836739, 0.9943079272525337, 0.9974399778592681, 0.9962722628744994, 0.9980636237897649, 0.9981352303335866, 0.9979943287917561, 0.9986185937284155, 0.9983411667127454, 0.9959273831711191, 0.998895790200138, 0.9991020238999793, 0.9993093922651933, 0.9989638737307452, 0.9979973758718321, 0.9970277182553398, 0.9983407079646017, 0.9985490223174187, 0.9993096783100925, 0.9984825493171472], "val_f1": [0.64125, 0.6446124763705104, 0.6549923195084485, 0.6312146003775959, 0.635286972365624, 0.6297322253000923, 0.6436233611442193, 0.6421583160391343, 0.6658919233004068, 0.6541310541310541, 0.658692628650904, 0.6488812392426849, 0.6626340390431674, 0.6624553694040098, 0.6725323068463019, 0.6767079074771383, 0.6762317271250676, 0.664632454923717, 0.6635616438356164, 0.6487424111014743, 0.6590719644345653, 0.6634804610626933, 0.670344827586207, 0.6646408839779006, 0.6794625719769674, 0.6619718309859155, 0.6639141205615194, 0.660752688172043, 0.6746666666666667, 0.6636415201361316, 0.66138289150041, 0.6588235294117647, 0.6585227272727273, 0.6596774193548387, 0.6649803260258572, 0.6663129973474802, 0.6505131128848347, 0.6727322856355114, 0.6627185561195714, 0.6579677956690727, 0.667561761546724, 0.6692672053496795, 0.6708310700706138, 0.6552881925013989, 0.6673831273508866, 0.663175303197354, 0.6404199475065617, 0.6566248256624826, 0.6716981132075471, 0.6612021857923498], "epoch": [0, 1, 2, 3, 4, 5, 6, 7, 8, 9, 10, 11, 12, 13, 14, 15, 16, 17, 18, 19, 20, 21, 22, 23, 24, 25, 26, 27, 28, 29, 30, 31, 32, 33, 34, 35, 36, 37, 38, 39, 40, 41, 42, 43, 44, 45, 46, 47, 48, 49], "tarin_loss": [0.49349098707948413, 0.4394032026188714, 0.41236647273812976, 0.3902945013982909, 0.3583437484502792, 0.3270952718598502, 0.2944536425386156, 0.25945941426924296, 0.23288090642009462, 0.20532611327511924, 0.18788239834564072, 0.17560241033988339, 0.1622634277067014, 0.1417335763254336, 0.13191916083650929, 0.12429090474333082, 0.12059407685484205, 0.11226424524826663, 0.10796182781990085, 0.1151035129385335, 0.10246393800846168, 0.0992416692099401, 0.10903279410409075, 0.09033067090170724, 0.09095416051468679, 0.09062438639146941, 0.09170350083283016, 0.09660456626010792, 0.08973724392375776, 0.08780403201601335, 0.08317496839378562, 0.0891275306524975, 0.0843880672247282, 0.08563981152671789, 0.08531517135245459, 0.08699688835867814, 0.08670280030795506, 0.08067634874156543, 0.07770273445174097, 0.08174167497349637, 0.0827531568493162, 0.07915067497042141, 0.08162675085610577, 0.08463301673797624, 0.08038814543613365, 0.0789721502629774, 0.0790859692650182, 0.07957871614822319, 0.08229924827714317, 0.08278452348496233]}