{"val_f1": [0.5932203389830509, 0.6421845574387948, 0.6666666666666667, 0.6608260325406758, 0.6722689075630254, 0.6672822406894429, 0.6697163769441903, 0.6666666666666667, 0.6629046629046629, 0.6640972428105545, 0.6682450429121042, 0.6605882352941176, 0.6685928922276798, 0.6723068245910885, 0.6681818181818181, 0.6708039492242596, 0.6774814407478691, 0.6713483146067415, 0.6734063465318729, 0.6719562243502052, 0.6657381615598886, 0.6802197802197802, 0.6829530201342282, 0.6807329261521378, 0.6764044943820224, 0.6823085221143473, 0.6791208791208792, 0.6900992755567481, 0.669553450608931, 0.6704886704886704, 0.6532887402452618, 0.6781987918725975, 0.6745399615490251, 0.6759581881533101, 0.6838571044856298, 0.6759868421052632, 0.6866720735333874, 0.6775007004763239, 0.6838922484881803, 0.6748099891422368, 0.6655692729766803, 0.6763207294180744, 0.6810392482034273, 0.6749999999999999, 0.6770386266094421, 0.6824542518837459, 0.6821245618765167, 0.6733750339951047, 0.6783465644675609, 0.6739312657166805], "train_f1": [0.596474808922165, 0.6672905942910622, 0.7041484716157205, 0.7153296019900499, 0.774766427302911, 0.8065182464998852, 0.8312675842141282, 0.8510250569476082, 0.8759985069055618, 0.8934274043817304, 0.899948159668222, 0.9065978621452268, 0.9216985942166217, 0.939568345323741, 0.9439077144917087, 0.9465298212875907, 0.9638810198300284, 0.9583720099964298, 0.9651005757338831, 0.9600056330094354, 0.964572239971601, 0.9791447229829364, 0.9816731952993845, 0.9806043569922698, 0.9752101137085953, 0.9862228127841107, 0.9859332353558682, 0.9910173386254439, 0.9891857950184888, 0.9866871122882832, 0.9761988841019846, 0.9835723235416957, 0.9920645969650563, 0.9939604304061089, 0.9920756290838315, 0.9923419660261765, 0.9948646773074253, 0.9933876244170669, 0.9954185755935027, 0.9957694708370899, 0.9934704084467908, 0.9966002914035939, 0.9960408418420503, 0.9924738675958189, 0.9983367983367983, 0.9981292870505093, 0.9968817129790035, 0.9979204214612506, 0.9978503571180917, 0.9973633083541492], "epoch": [0, 1, 2, 3, 4, 5, 6, 7, 8, 9, 10, 11, 12, 13, 14, 15, 16, 17, 18, 19, 20, 21, 22, 23, 24, 25, 26, 27, 28, 29, 30, 31, 32, 33, 34, 35, 36, 37, 38, 39, 40, 41, 42, 43, 44, 45, 46, 47, 48, 49], "tarin_loss": [0.5808831090586526, 0.4899230409520013, 0.4526643035241536, 0.42598538211413794, 0.3979424930896078, 0.3696214608209474, 0.3475313825266702, 0.320291015122618, 0.29898036803518024, 0.2793823840362685, 0.2632047386254583, 0.24663193100265093, 0.22919547166143145, 0.21819515324064664, 0.2087352572807244, 0.1943319139948913, 0.1821267471568925, 0.17611117798302856, 0.1704139662853309, 0.16106962416853224, 0.15698094361594744, 0.14647670310522828, 0.141389274426869, 0.13726092317274638, 0.13116756263588156, 0.12346528104373387, 0.11643855342375381, 0.12099951214023999, 0.11339748735938754, 0.11025023615786007, 0.1098991305540715, 0.10844008809753827, 0.11099667387349264, 0.10025422639080456, 0.09875262040112699, 0.10628007020801306, 0.09592936368925231, 0.09897556408707585, 0.09379321222858769, 0.09299883161272321, 0.09524799894009317, 0.09352960132062435, 0.09711847092956305, 0.08755482098885944, 0.08732167695782014, 0.08515201733048473, 0.09210364066596542, 0.08777724100809012, 0.08276677155534604, 0.081152377844389]}