{"tarin_loss": [0.5154974588432483, 0.4487317138378109, 0.4095630660759551, 0.38001004081219436, 0.33995522627340896, 0.30594782260911807, 0.2732547054386565, 0.2466667155828327, 0.2279604408477566, 0.20495870459292617, 0.18977755553155606, 0.1804814077734149, 0.1648327503326748, 0.15604797688512398, 0.14698528616223483, 0.13888877403157365, 0.12780673195674483, 0.12953316430311784, 0.11965270770164872, 0.12065329747025057, 0.11270106573589146, 0.10620015757274814, 0.1081289992118088, 0.10614196906514865, 0.10213118086186504, 0.10425271655116895, 0.1048680826609156, 0.09528731071523258, 0.09119703667367243, 0.09044790580095391, 0.09465995540173026, 0.09147157649987743, 0.08996383881362688, 0.09155813372947574, 0.08995902452455734, 0.09556305397638686, 0.09109565972020002, 0.09107478586069191, 0.0851774282437691, 0.08551763888980661], "train_f1": [0.6541939507327721, 0.7060725005772339, 0.7544009305932532, 0.7731692494682468, 0.8198369772225184, 0.8676603432700994, 0.8705723095435061, 0.8932138660399531, 0.9309515129420344, 0.9427166208592507, 0.9460592913955169, 0.9614950634696756, 0.9585141962570269, 0.9755377477857444, 0.9783616692426583, 0.975288536429937, 0.9836964160224876, 0.9752640158763909, 0.9860556373064256, 0.9915532286212915, 0.991486392184229, 0.991405212773391, 0.988357413381961, 0.9912727780492914, 0.9804057809894386, 0.9921303711957657, 0.9951886200404435, 0.9947963643932561, 0.9864558267445858, 0.9958870686650401, 0.9954026191139593, 0.9976349471341124, 0.9935825892857143, 0.9983312473925741, 0.9964497041420118, 0.9980528511821974, 0.9963983931292424, 0.9972865790022959, 0.9973585430279439, 0.9914112143006774], "val_f1": [0.6295489891135304, 0.6496619545175168, 0.6460587326120557, 0.6513595166163141, 0.6432465172622652, 0.6565385761096217, 0.6348082595870206, 0.6306670516892867, 0.6530612244897959, 0.6545557763269939, 0.6504992867332383, 0.6664850136239783, 0.6368684064408662, 0.6712987707108498, 0.6602564102564102, 0.643980554761224, 0.6592859119845005, 0.6411510791366906, 0.6550503675469643, 0.6666666666666666, 0.6652314316469322, 0.6467331118493909, 0.6557930258717659, 0.6533406352683462, 0.6282867423194023, 0.6462858675248054, 0.6573033707865168, 0.6433793663688058, 0.6742105263157895, 0.6581077309517166, 0.660329885378809, 0.6622625928984309, 0.6507890961262555, 0.6607431340872375, 0.6441251056635672, 0.668334723380595, 0.6832266325224071, 0.6398659966499163, 0.6478163493840985, 0.6376146788990826], "epoch": [0, 1, 2, 3, 4, 5, 6, 7, 8, 9, 10, 11, 12, 13, 14, 15, 16, 17, 18, 19, 20, 21, 22, 23, 24, 25, 26, 27, 28, 29, 30, 31, 32, 33, 34, 35, 36, 37, 38, 39]}