{"tarin_loss": [0.46806562389646256, 0.3987559628912381, 0.3571055630700929, 0.31272353546960013, 0.26440175107547215, 0.22225958866732462, 0.18110774131757873, 0.14490033967154367, 0.11976602825203113, 0.10154376542195678, 0.07798844806849957, 0.0703967270654227, 0.05694669430543269, 0.05514728141017258, 0.04451593968751175, 0.042397253231278485, 0.038230134289977805, 0.034143859003670514, 0.033326880118942685, 0.02990295672922262, 0.028926382802559863, 0.027965229324597333, 0.0239828732197306, 0.017697565103881062, 0.022463318405872477, 0.018098185091013356, 0.01667402012573023, 0.03181556357736034, 0.021252549208501087, 0.015313984021777288, 0.018511747036328807, 0.01537545132550544, 0.01747611918686224, 0.014185827424683209, 0.012987543361294748, 0.01933018204190635, 0.01955697923482928, 0.013332257929557402, 0.013310160565056971, 0.02017242353259852], "epoch": [0, 1, 2, 3, 4, 5, 6, 7, 8, 9, 10, 11, 12, 13, 14, 15, 16, 17, 18, 19, 20, 21, 22, 23, 24, 25, 26, 27, 28, 29, 30, 31, 32, 33, 34, 35, 36, 37, 38, 39], "train_f1": [0.6586873190956739, 0.7092154900300254, 0.7859616716693605, 0.8339325327009868, 0.8764214172753972, 0.8966186459655147, 0.9223245109321059, 0.9496051687006462, 0.9570966582824291, 0.9695806680881308, 0.9727032998360773, 0.9785577807656923, 0.9852320675105485, 0.9796033994334279, 0.9881823297692741, 0.9906777879021519, 0.993148769574944, 0.9919709558053481, 0.9944243100083636, 0.99609375, 0.9943494942448553, 0.9935628323537644, 0.9891342446547494, 0.9967890548652799, 0.998120693255377, 0.9979783896828163, 0.9951165062090135, 0.9956746197851263, 0.9962970725913505, 0.9990253411306043, 0.9979826086956523, 0.9979795164773916, 0.9977008290949628, 0.9972854458133221, 0.9977062625981789, 0.9974919882959454, 0.9983293888347488, 0.9977027497389488, 0.9961584130753649, 0.9977040283865581], "val_f1": [0.6257364341085272, 0.645928636779506, 0.6546344447843376, 0.6517262265293761, 0.6493738819320215, 0.6294117647058823, 0.6655574043261231, 0.6548042704626335, 0.6526548672566371, 0.6718576195773082, 0.6560091350271197, 0.6522228474957793, 0.6674014880132267, 0.6382252559726962, 0.6565012475741614, 0.6546061786807681, 0.6668505239933811, 0.6641529760301642, 0.6807054488023164, 0.6732133115111839, 0.6508776818055169, 0.6681677455671264, 0.6319579063971198, 0.6574553828439839, 0.6677577741407529, 0.6494527083918047, 0.6485310119695322, 0.6740331491712708, 0.6543459428241408, 0.6721446179129006, 0.6741266375545851, 0.6674027049406569, 0.6617521973348455, 0.6603930251868254, 0.679724722075172, 0.6570458404074703, 0.6677595628415302, 0.6664866324601675, 0.6569172272594326, 0.6668459263242806]}