{"epoch": [0, 1, 2, 3, 4, 5, 6, 7, 8, 9, 10, 11, 12, 13, 14, 15, 16, 17, 18, 19, 20, 21, 22, 23, 24, 25, 26, 27, 28, 29, 30, 31, 32, 33, 34, 35, 36, 37, 38, 39, 40, 41, 42, 43, 44, 45, 46, 47, 48, 49, 50, 51, 52, 53, 54, 55, 56, 57, 58, 59, 60, 61, 62, 63, 64, 65, 66, 67, 68, 69], "val_f1": [0.6283549100094727, 0.6365645721503, 0.6334274067105675, 0.6549670949545598, 0.6464396284829721, 0.6418320610687023, 0.6553087922117432, 0.6482923906530857, 0.6497641509433962, 0.6537785588752196, 0.6572172403818339, 0.6562411145862952, 0.660830273933917, 0.6597358808654117, 0.6542730299667037, 0.6654225539856039, 0.6644682605111294, 0.6622055674518202, 0.6704918032786885, 0.673768308921438, 0.6696808510638298, 0.6597883597883598, 0.6599234554401312, 0.6681342872867363, 0.666138822908419, 0.6682887266828873, 0.6641074856046065, 0.6670323642347779, 0.6582820444206583, 0.6638765367512425, 0.6742105263157895, 0.6670119109269809, 0.653343991473488, 0.6579306579306579, 0.663820704375667, 0.6732043466737344, 0.6585034013605442, 0.6731496488384656, 0.6590600380331433, 0.6654334038054969, 0.6700453454254468, 0.6724867724867725, 0.655881546476556, 0.6622198505869797, 0.6693227091633467, 0.6772235418316178, 0.6664928292046937, 0.6748993288590603, 0.6675378985886042, 0.6625067824199674, 0.6711919630735813, 0.6592872570194385, 0.6436781609195402, 0.6550194120909596, 0.6554845580404686, 0.6674051509277209, 0.6716940479396714, 0.6568758344459279, 0.6569657774184857, 0.6653824986241057, 0.6731355697255337, 0.6782099094299413, 0.6570155902004453, 0.6648560564910374, 0.6723998925020156, 0.6745270085001371, 0.671528903295516, 0.6523796270526023, 0.6600846262341326, 0.6757270997553683], "tarin_loss": [0.5453867313691548, 0.4430407646724156, 0.40521828268255505, 0.37822116983788356, 0.34599878668785095, 0.3195844550217901, 0.28510696968861987, 0.25577065555112705, 0.23267390180911338, 0.2132703911619527, 0.1939261823253972, 0.17778156522129263, 0.16116601785378798, 0.14745639834020818, 0.13660373168332235, 0.12537055677069084, 0.11378774974495172, 0.10846181832786117, 0.10592707607895135, 0.09414037850818464, 0.09158736813813448, 0.08135428549455745, 0.08206819732008236, 0.07783067443275025, 0.07333036746297564, 0.08149350378130163, 0.06546832596084902, 0.06125062706481133, 0.050673871732183864, 0.052499032028551613, 0.04624195588087397, 0.041414331747218966, 0.040641919462276355, 0.036517709589430264, 0.03411591158647622, 0.03163888845991875, 0.03641860721100654, 0.028457624371429638, 0.031636578237105695, 0.02868885537409889, 0.027791355011452523, 0.02677868371031114, 0.022918197119475476, 0.025814424604842706, 0.01943331562581339, 0.0241506836809484, 0.017533070800959, 0.020396074874858772, 0.0196903320927439, 0.0178665868409111, 0.017235724337598575, 0.014321500293112226, 0.01660535565444401, 0.012118158123921603, 0.020698801663238554, 0.016356082291209273, 0.013043658329905675, 0.01481883186680664, 0.014366830492425443, 0.011921050590130367, 0.01124469664962297, 0.010907478979456105, 0.010582756171934306, 0.01696834608563222, 0.009664903826778754, 0.009675359411131857, 0.009590367202015062, 0.012931515673574593, 0.012204183153142886, 0.007515134153821107], "train_f1": [0.6398255587571061, 0.689193397695422, 0.7075398668524538, 0.7579273008507347, 0.7979107458330134, 0.8206880838459786, 0.8495119921313461, 0.8632209737827715, 0.8870859694826944, 0.8998232174425457, 0.9151129633691599, 0.9274420619449858, 0.9408385985066053, 0.9492034007287277, 0.9501353469155149, 0.9663788867831824, 0.9615003538570418, 0.9699010734582193, 0.9679464600211343, 0.9770139034444212, 0.9734774066797642, 0.9772027972027972, 0.9700683146700472, 0.9713279323705529, 0.9817243303571429, 0.9828595317725752, 0.9838945827232796, 0.9816706310340003, 0.986366165831942, 0.9906243489131189, 0.991462483514958, 0.9909109831402207, 0.9869640989891949, 0.98913194928243, 0.9935483870967742, 0.990371960933712, 0.992080033347228, 0.9937629937629938, 0.994802854965006, 0.9956398366668974, 0.994179600886918, 0.9955715471907002, 0.985844780698696, 0.9945930957992513, 0.9970236035163009, 0.9973724242843313, 0.9974410401825853, 0.9968161683277963, 0.9967462789892697, 0.9971616476289374, 0.9976477099764771, 0.9965445749827229, 0.9928516899160248, 0.9973008512699841, 0.996471320833045, 0.9975807009055091, 0.9984791925895202, 0.9964693665628245, 0.9976516093383064, 0.9972322169941877, 0.998755875034559, 0.9995165411975964, 0.9988253990188626, 0.9980668323667494, 0.9988258857655915, 0.9987562189054727, 0.9988947222989777, 0.9983423124740987, 0.9978554133517814, 0.9995855208621165]}