{"tarin_loss": [0.49309340723923273, 0.43665083416870665, 0.4107450876065663, 0.38549853767667497, 0.3602634115730013, 0.3261843797138759, 0.2981513736503465, 0.26796699664422446, 0.24028388719473567, 0.2229717928809779, 0.19925578685743467, 0.17957730808428354, 0.1711325835117272, 0.1592568907567433, 0.1442783548044307, 0.13349953853658267, 0.12679380260407924, 0.12234067093048777, 0.11146972511495863, 0.1128837563097477, 0.11611072763800621, 0.10634634362267596, 0.10166892464139632, 0.10595456609768526, 0.09392457002507788, 0.09715560922665255, 0.09645523685961961, 0.0988967741387231, 0.09223126459866762, 0.08437120292867933, 0.09007105834782124, 0.09207039568041052, 0.08907530313091619, 0.08622893339289087, 0.0900740722566843, 0.08465125160557883, 0.08481962315206017, 0.08397653750809175, 0.08638864284647363, 0.07889736500701734, 0.08277864108926483, 0.08205226749181747, 0.08599698828666338, 0.08794231324057494, 0.0851052413002721, 0.07871125310659409, 0.07681334033974313, 0.08191254150122404, 0.0787831786886922, 0.08100521781814418], "train_f1": [0.6376902067889192, 0.6936173520951566, 0.7242561146596044, 0.7638362102329902, 0.8177824901544987, 0.8467520585544374, 0.8698979591836734, 0.9144564266977557, 0.9189705882352941, 0.9390368107085698, 0.9287803451301551, 0.9568588041059508, 0.9595756880733946, 0.9682426659071489, 0.9715784251187185, 0.9710588067979805, 0.9834890746855898, 0.9827574072770779, 0.9893029434384394, 0.9790406526937685, 0.9856822010106682, 0.9934494773519165, 0.9837815067050482, 0.9873701936570307, 0.9889309233571528, 0.9900671516508114, 0.996248958043901, 0.9937264742785447, 0.9956155612777507, 0.9976385609112377, 0.993516000836645, 0.9968717413972888, 0.9980569049271338, 0.9958962231341727, 0.9968713064033928, 0.9990986618595298, 0.9990289915383548, 0.9976385609112377, 0.9979868101353697, 0.9984042184139319, 0.9977774690929295, 0.9969414708744613, 0.9963217433548477, 0.9990297990297989, 0.9997920565606155, 0.9965946208909583, 0.998959561628633, 0.9952685777901475, 0.99875173370319, 0.9991679378726945], "epoch": [0, 1, 2, 3, 4, 5, 6, 7, 8, 9, 10, 11, 12, 13, 14, 15, 16, 17, 18, 19, 20, 21, 22, 23, 24, 25, 26, 27, 28, 29, 30, 31, 32, 33, 34, 35, 36, 37, 38, 39, 40, 41, 42, 43, 44, 45, 46, 47, 48, 49], "val_f1": [0.6113892365456821, 0.6377535101404057, 0.6393493900531748, 0.6469673405909797, 0.6510638297872341, 0.6538108356290174, 0.6524737631184409, 0.6598639455782312, 0.6517311608961304, 0.6606832657788071, 0.6512985118179165, 0.6556630620375641, 0.6617396247868107, 0.664981746700365, 0.6683209263854425, 0.6593095642331636, 0.6715927750410509, 0.6659167604049494, 0.6713249126578877, 0.6573893682159755, 0.6650340136054421, 0.6672108843537414, 0.6457697642163662, 0.6569384835479257, 0.6657052206518603, 0.6527357712400329, 0.6797663303239511, 0.6549375709421112, 0.6640405177265053, 0.6626538987688099, 0.6604572396274343, 0.6679235119849178, 0.6730058108821976, 0.6685082872928176, 0.6571428571428571, 0.6750788643533123, 0.6730969760166841, 0.667390714091773, 0.6611615744563721, 0.6727321380786727, 0.670065137354857, 0.6668552036199095, 0.6589126318636733, 0.6734312416555408, 0.6682808716707022, 0.6619021440351841, 0.6694329183955741, 0.6431617856127381, 0.6628067273228564, 0.6694011484823625]}