{"epoch": [0, 1, 2, 3, 4, 5, 6, 7, 8, 9, 10, 11, 12, 13, 14, 15, 16, 17, 18, 19, 20, 21, 22, 23, 24, 25, 26, 27, 28, 29, 30, 31, 32, 33, 34, 35, 36, 37, 38, 39, 40, 41, 42, 43, 44, 45, 46, 47, 48, 49], "tarin_loss": [0.5875081011227199, 0.4966603810446603, 0.4553523020233427, 0.42581377020904, 0.39757879150765285, 0.36944612319980347, 0.3420098360095705, 0.31630416929721833, 0.2953946709207126, 0.27442539249147685, 0.25534417018294336, 0.23899358014975275, 0.22697735980153083, 0.2154716060417039, 0.20169627140675273, 0.1892587931028434, 0.18568700551986694, 0.17494482498083797, 0.17021145305463245, 0.1600380937648671, 0.1585711333262069, 0.14717206190207174, 0.1436449537373015, 0.14123896106545414, 0.13752579148326602, 0.1262957952916622, 0.12695674885596547, 0.12246730836640511, 0.11583739311567375, 0.11487595585307904, 0.10913036548665592, 0.1124630720753755, 0.11024348243006638, 0.10835081154746669, 0.09694595754146576, 0.10285732902054276, 0.1022962804085442, 0.10208676948079042, 0.09543992467224598, 0.09579255994409323, 0.08946767979966742, 0.0962825114599296, 0.09265581492866788, 0.08614294948854617, 0.09249279251056058, 0.09079630288162402, 0.0911641617944198, 0.08454672963491508, 0.0834976897920881, 0.08404180714062282], "val_f1": [0.616875, 0.64, 0.6375, 0.6450202934748673, 0.6519302615193027, 0.6512773160972606, 0.644925327644011, 0.6485496183206106, 0.6605122096486005, 0.6535714285714286, 0.664139941690962, 0.6624129930394431, 0.6689381033503692, 0.6706114398422091, 0.6694352159468439, 0.6781929726715002, 0.6753175041413584, 0.6712669058791058, 0.6785617734522843, 0.6765100671140939, 0.6758849557522123, 0.6779016036966568, 0.6754313886606409, 0.6756238003838771, 0.6750805585392052, 0.6720430107526881, 0.6839019189765458, 0.6679452054794521, 0.6842672413793103, 0.6870803115766856, 0.6776135741652983, 0.6703570440077498, 0.6782419967444383, 0.6763207294180746, 0.6725521669341894, 0.6702790571660796, 0.6813478376227116, 0.6634230108757871, 0.6862640299305185, 0.6830056558039321, 0.673076923076923, 0.6791003839824464, 0.681668496158068, 0.6808167651800108, 0.6837606837606838, 0.6903123345685548, 0.6795957388691615, 0.6725860155382908, 0.680268456375839, 0.6794979079497909], "train_f1": [0.6169581511555278, 0.6664584634603372, 0.6975327920049968, 0.7277266344203465, 0.7795373389225276, 0.8118092588298942, 0.8141984732824428, 0.8540936118310717, 0.8775219380484511, 0.8930433487263518, 0.9085025007355104, 0.9172236503856042, 0.9276080775679814, 0.9469235728099706, 0.9440172475745598, 0.9520803443328549, 0.9618689199744372, 0.9623686452712299, 0.9698765432098766, 0.9753042988813059, 0.9724045451337426, 0.9777809028266067, 0.9808246119266699, 0.9820502033375402, 0.9804665542439572, 0.9832808674361665, 0.987290502793296, 0.9742722210474378, 0.9889803319849352, 0.988983405382792, 0.9905824904080922, 0.984997195737521, 0.9918358802595771, 0.987812521763354, 0.9929641239986068, 0.9942896935933146, 0.9946412415616953, 0.9886665733874354, 0.9963140691285902, 0.9972202918693536, 0.995125348189415, 0.9949153722922617, 0.9957571120539751, 0.9975686002084057, 0.9965993476299535, 0.9972926067337731, 0.9979856914634994, 0.9981253905436368, 0.9966662036393944, 0.9981240880983812]}