{"tarin_loss": [0.5106726598526751, 0.44349496738186905, 0.4017272107516016, 0.3533641994318792, 0.3017823890091053, 0.2596873549092561, 0.22116380685940384, 0.19608763663763445, 0.17019520643765906, 0.16065831821278803, 0.1474944143832129, 0.1368560369725206, 0.12526857366935085, 0.11579628525301815, 0.11123306412299695, 0.11129243577847124, 0.10424021473886179, 0.10266076803847682, 0.09747543496645189, 0.09591244685455291, 0.09029638979488351, 0.09198662071488797, 0.09035417292038411, 0.08657324902247637, 0.0869918490357564, 0.08947129026385872, 0.08481295083071537, 0.08231936858018993, 0.0858924437123226, 0.08280279590396926, 0.08215864052663424, 0.0838324953247294, 0.08235352367781161, 0.07876867923055085, 0.08102244092020555, 0.08121442498771232, 0.0792521214435484, 0.0822656967239579, 0.07249913633030831, 0.08094455369908246], "train_f1": [0.6482898641261907, 0.7263125194159678, 0.7492442446321991, 0.828216149831133, 0.880354727190741, 0.9060382916053018, 0.9309967141292442, 0.9415348904685913, 0.9546069977909214, 0.9649372862029647, 0.9755409882286601, 0.9801148298557625, 0.9704485862093402, 0.9841225235351975, 0.9897753356054809, 0.9868107197979514, 0.989666247730764, 0.980450278777613, 0.9956890557641497, 0.9933082392304475, 0.9934385034203546, 0.9947236878644821, 0.9966643502432245, 0.9940211345939933, 0.9974300201430853, 0.9942164309107379, 0.9938727196769251, 0.9971502050462223, 0.9975682623497534, 0.9959649366912481, 0.9977069001459244, 0.9956878564473501, 0.9977065814163597, 0.9984035538280002, 0.9980560955290199, 0.9990979113177434, 0.9958437240232753, 0.9984055459272096, 0.999305941143809, 0.9984724343841134], "val_f1": [0.622735790131168, 0.6550760633343682, 0.632002476013618, 0.6587301587301588, 0.6509405792773962, 0.6509598603839442, 0.6451980621259619, 0.6525229357798165, 0.659165751920966, 0.667407613225896, 0.665764546684709, 0.6768990634755463, 0.6526315789473685, 0.6613480055020633, 0.6846153846153845, 0.6688453159041395, 0.6614130434782609, 0.6538678712591756, 0.6657970258283329, 0.6543075245365323, 0.6522727272727273, 0.6646026831785345, 0.6634895419645223, 0.6679094540612517, 0.6712913553895411, 0.6440392706872371, 0.6477398015435502, 0.6639676113360324, 0.6691608765366116, 0.6576923076923077, 0.6641830761043108, 0.6594982078853047, 0.65798947659928, 0.6612289287656334, 0.6659388646288209, 0.6648663246016744, 0.6680761099365751, 0.6641005901975878, 0.6697674418604652, 0.6603312516969863], "epoch": [0, 1, 2, 3, 4, 5, 6, 7, 8, 9, 10, 11, 12, 13, 14, 15, 16, 17, 18, 19, 20, 21, 22, 23, 24, 25, 26, 27, 28, 29, 30, 31, 32, 33, 34, 35, 36, 37, 38, 39]}