{"train_f1": [0.6199601410393991, 0.6293337469944931, 0.6433341008519456, 0.6875379939209726, 0.7142635899024316, 0.7455710516396532, 0.7392462885420632, 0.8256024096385541, 0.8602651901500802, 0.8950357748764476, 0.9184593023255814, 0.9218955682316807, 0.9560752994865943, 0.9675182223480293, 0.9621583244586439, 0.9781957506095437, 0.9775690452824899, 0.9831173380035026, 0.9917515769044153, 0.9925124792013311, 0.9882747068676716, 0.9956404401079509, 0.9966082923790406, 0.9936173164978493, 0.9914222468179302, 0.9967485299204427, 0.9863588667366212, 0.9939587528643844, 0.9825642462012465, 0.9919455631162338, 0.9887060791968767, 0.9895557721765771, 0.990541104465155, 0.9972364239325687, 0.9959121457770387, 0.9997238331952499, 0.9972314507198229, 0.998756906077348, 0.997301971636112, 0.9986882982395581, 0.9990330156098909, 0.9984110535405872, 0.9973709699737096, 0.9950372208436725, 0.9991714995857499, 0.9984806629834255, 0.9983416252072969, 0.998619356620185, 0.999516674722088, 0.999516674722088], "epoch": [0, 1, 2, 3, 4, 5, 6, 7, 8, 9, 10, 11, 12, 13, 14, 15, 16, 17, 18, 19, 20, 21, 22, 23, 24, 25, 26, 27, 28, 29, 30, 31, 32, 33, 34, 35, 36, 37, 38, 39, 40, 41, 42, 43, 44, 45, 46, 47, 48, 49], "val_f1": [0.6075870646766169, 0.6061179438662881, 0.6050995024875622, 0.6404183328206706, 0.6403013182674199, 0.6310323762981063, 0.6173296330558125, 0.649453219927096, 0.64947245017585, 0.6449101796407186, 0.6406112253893623, 0.6283824413710162, 0.644937986732045, 0.6547033285094066, 0.6400911161731208, 0.6525096525096524, 0.6495630109952072, 0.6544622425629291, 0.6688346883468835, 0.6630814735143855, 0.655663062037564, 0.6630756800430918, 0.6641671130155329, 0.6517045454545455, 0.6520937582301817, 0.6648441771459814, 0.6409952606635071, 0.6595189800057953, 0.6334006345543697, 0.6458161865569273, 0.6401364411597499, 0.653804347826087, 0.6463481603514553, 0.655237074738816, 0.6607440310938368, 0.6617161716171617, 0.6480023330417032, 0.663201094391245, 0.6431964235820061, 0.6707807888382077, 0.6663081473514385, 0.6787778695293146, 0.6689227298364355, 0.6648936170212765, 0.6603773584905661, 0.6544138123085491, 0.653038046564452, 0.6668485675306958, 0.676223965377333, 0.6761904761904762], "tarin_loss": [0.6161862505333764, 0.4777280476263591, 0.4557123970985413, 0.43648057831185205, 0.42225342039551056, 0.4063669187682016, 0.3819498827627727, 0.3512224425162588, 0.3157764590638025, 0.28397158848387855, 0.2508253620352064, 0.22144008585384914, 0.19181089853601796, 0.17362561183316366, 0.16186923383602075, 0.1561313789763621, 0.13653330394199917, 0.1303221437015704, 0.13127011002174446, 0.117868510160063, 0.11604814964213542, 0.11073463525090899, 0.10651800711772272, 0.10431998355580227, 0.09826284879020282, 0.10159765359546458, 0.09983912144388471, 0.09164598803967237, 0.09843291447763997, 0.09875851481620755, 0.09688433065478291, 0.08971739771376763, 0.0923603528631585, 0.09195984230775918, 0.08718616838034775, 0.08662293495610357, 0.0890464422612318, 0.08635843967752797, 0.0844923045579344, 0.08977118299475738, 0.09047669495588967, 0.0822973776555487, 0.08258514350280166, 0.08506659531699759, 0.08235771500106369, 0.07994431985009993, 0.07983973839985473, 0.0914961992896029, 0.08316018019137637, 0.07870351427101663]}